Feature,Coefficient
immune_level,2.653114171677175
angiogenesis,2.265520947275804
stromal_density,-1.3536498678334643
growth_rate,-2.110451791670566
hypoxia_level,-2.7696462401741244
